station,observation_time,temperature_c,dewpoint_c,dewpoint_spread_c,wind_direction_deg,wind_speed_kt,visibility_sm,ceiling_ft,flight_category,target_time,future_observation_time,future_flight_category
KCOS,2026-07-29 15:54:00+00:00,28.3,13.9,14.4,50,10,10.0,,VFR,2026-07-29 16:54:00+00:00,2026-07-29 16:54:00+00:00,VFR
KCOS,2026-07-29 16:54:00+00:00,30.0,10.6,19.4,60,11,10.0,,VFR,2026-07-29 17:54:00+00:00,2026-07-29 17:54:00+00:00,VFR
KCOS,2026-07-29 17:34:00+00:00,27.8,16.7,11.1,160,17,10.0,,VFR,2026-07-29 18:34:00+00:00,2026-07-29 18:54:00+00:00,VFR
KCOS,2026-07-29 17:43:00+00:00,27.8,16.7,11.1,140,14,10.0,,VFR,2026-07-29 18:43:00+00:00,2026-07-29 18:54:00+00:00,VFR
KCOS,2026-07-29 17:54:00+00:00,26.7,17.2,9.5,140,14,10.0,,VFR,2026-07-29 18:54:00+00:00,2026-07-29 18:54:00+00:00,VFR
KCOS,2026-07-29 18:54:00+00:00,28.9,16.1,12.8,130,15,10.0,,VFR,2026-07-29 19:54:00+00:00,2026-07-29 19:54:00+00:00,VFR
KCOS,2026-07-29 19:54:00+00:00,28.3,15.0,13.3,160,13,10.0,,VFR,2026-07-29 20:54:00+00:00,2026-07-29 20:54:00+00:00,VFR
KCOS,2026-07-29 20:54:00+00:00,28.3,15.0,13.3,180,7,10.0,,VFR,2026-07-29 21:54:00+00:00,2026-07-29 21:54:00+00:00,VFR
KCOS,2026-07-29 21:32:00+00:00,27.8,15.0,12.8,200,6,10.0,,VFR,2026-07-29 22:32:00+00:00,2026-07-29 22:44:00+00:00,VFR
KCOS,2026-07-29 21:54:00+00:00,26.1,14.4,11.7,200,6,10.0,,VFR,2026-07-29 22:54:00+00:00,2026-07-29 22:54:00+00:00,VFR
KCOS,2026-07-29 22:00:00+00:00,25.6,13.9,11.7,290,10,9.0,,VFR,2026-07-29 23:00:00+00:00,2026-07-29 23:03:00+00:00,VFR
KCOS,2026-07-29 22:44:00+00:00,22.2,17.2,5.0,290,14,10.0,,VFR,2026-07-29 23:44:00+00:00,2026-07-29 23:54:00+00:00,VFR
KCOS,2026-07-29 22:54:00+00:00,21.7,16.7,5.0,290,14,10.0,,VFR,2026-07-29 23:54:00+00:00,2026-07-29 23:54:00+00:00,VFR
KCOS,2026-07-29 23:03:00+00:00,21.7,16.7,5.0,350,16,10.0,,VFR,2026-07-30 00:03:00+00:00,2026-07-29 23:54:00+00:00,VFR
KCOS,2026-07-29 23:54:00+00:00,22.2,14.4,7.8,360,15,10.0,,VFR,2026-07-30 00:54:00+00:00,2026-07-30 00:54:00+00:00,VFR
KCOS,2026-07-30 00:43:00+00:00,22.2,13.9,8.3,290,8,10.0,,VFR,2026-07-30 01:43:00+00:00,2026-07-30 01:54:00+00:00,VFR
KCOS,2026-07-30 00:50:00+00:00,22.0,14.0,8.0,310,8,10.0,,VFR,2026-07-30 01:50:00+00:00,2026-07-30 01:54:00+00:00,VFR
KCOS,2026-07-30 00:54:00+00:00,22.2,13.9,8.3,310,6,10.0,,VFR,2026-07-30 01:54:00+00:00,2026-07-30 01:54:00+00:00,VFR
KCOS,2026-07-30 01:54:00+00:00,20.0,16.1,3.9,320,9,9.0,11000.0,VFR,2026-07-30 02:54:00+00:00,2026-07-30 02:54:00+00:00,VFR
KCOS,2026-07-30 02:54:00+00:00,20.0,14.4,5.6,30,6,10.0,12000.0,VFR,2026-07-30 03:54:00+00:00,2026-07-30 03:54:00+00:00,VFR
KCOS,2026-07-30 02:59:00+00:00,20.6,14.4,6.2,290,7,10.0,,VFR,2026-07-30 03:59:00+00:00,2026-07-30 03:54:00+00:00,VFR
KCOS,2026-07-30 03:54:00+00:00,19.4,15.6,3.8,30,7,10.0,,VFR,2026-07-30 04:54:00+00:00,2026-07-30 04:54:00+00:00,VFR
KCOS,2026-07-30 04:54:00+00:00,19.4,15.6,3.8,30,4,10.0,20000.0,VFR,2026-07-30 05:54:00+00:00,2026-07-30 05:54:00+00:00,VFR
KCOS,2026-07-30 05:54:00+00:00,18.9,15.6,3.3,100,9,10.0,,VFR,2026-07-30 06:54:00+00:00,2026-07-30 06:54:00+00:00,VFR
KCOS,2026-07-30 06:54:00+00:00,17.8,16.1,1.7,150,4,10.0,,VFR,2026-07-30 07:54:00+00:00,2026-07-30 07:54:00+00:00,VFR
KCOS,2026-07-30 07:54:00+00:00,16.7,16.1,0.6,10,4,10.0,20000.0,VFR,2026-07-30 08:54:00+00:00,2026-07-30 08:54:00+00:00,VFR
KCOS,2026-07-30 08:54:00+00:00,16.1,15.0,1.1,40,7,10.0,,VFR,2026-07-30 09:54:00+00:00,2026-07-30 09:54:00+00:00,VFR
KCOS,2026-07-30 09:54:00+00:00,16.7,15.0,1.7,90,6,10.0,,VFR,2026-07-30 10:54:00+00:00,2026-07-30 10:54:00+00:00,VFR
KCOS,2026-07-30 10:54:00+00:00,16.1,15.0,1.1,50,5,10.0,,VFR,2026-07-30 11:54:00+00:00,2026-07-30 11:54:00+00:00,VFR
KCOS,2026-07-30 11:54:00+00:00,15.0,13.9,1.1,30,6,10.0,,VFR,2026-07-30 12:54:00+00:00,2026-07-30 12:54:00+00:00,VFR
KCOS,2026-07-30 12:54:00+00:00,16.7,15.0,1.7,20,6,10.0,,VFR,2026-07-30 13:54:00+00:00,2026-07-30 13:54:00+00:00,VFR
KCOS,2026-07-30 13:54:00+00:00,20.0,15.6,4.4,30,3,10.0,,VFR,2026-07-30 14:54:00+00:00,2026-07-30 14:54:00+00:00,VFR
KCOS,2026-07-30 14:54:00+00:00,22.8,14.4,8.4,VRB,3,10.0,,VFR,2026-07-30 15:54:00+00:00,2026-07-30 15:54:00+00:00,VFR
KCOS,2026-07-30 15:54:00+00:00,25.0,15.0,10.0,120,3,10.0,,VFR,2026-07-30 16:54:00+00:00,2026-07-30 16:54:00+00:00,VFR
KCOS,2026-07-30 16:54:00+00:00,28.3,13.3,15.0,150,4,10.0,,VFR,2026-07-30 17:54:00+00:00,2026-07-30 17:54:00+00:00,VFR
KCOS,2026-07-30 17:54:00+00:00,30.6,11.7,18.9,VRB,3,10.0,,VFR,2026-07-30 18:54:00+00:00,2026-07-30 18:54:00+00:00,VFR
KCOS,2026-07-30 18:54:00+00:00,31.7,8.3,23.4,VRB,6,10.0,,VFR,2026-07-30 19:54:00+00:00,2026-07-30 19:54:00+00:00,VFR
KCOS,2026-07-30 19:54:00+00:00,32.8,7.2,25.6,330,7,10.0,,VFR,2026-07-30 20:54:00+00:00,2026-07-30 20:54:00+00:00,VFR
KCOS,2026-07-30 20:54:00+00:00,33.3,7.8,25.5,40,11,10.0,,VFR,2026-07-30 21:54:00+00:00,2026-07-30 21:54:00+00:00,VFR
KCOS,2026-07-30 21:54:00+00:00,32.2,7.2,25.0,200,7,10.0,10000.0,VFR,2026-07-30 22:54:00+00:00,2026-07-30 22:54:00+00:00,VFR
KCOS,2026-07-30 22:41:00+00:00,31.1,7.8,23.3,VRB,4,10.0,,VFR,2026-07-30 23:41:00+00:00,2026-07-30 23:54:00+00:00,VFR
KCOS,2026-07-30 22:54:00+00:00,30.6,7.8,22.8,70,7,10.0,,VFR,2026-07-30 23:54:00+00:00,2026-07-30 23:54:00+00:00,VFR
KCOS,2026-07-30 23:54:00+00:00,32.2,9.4,22.8,VRB,6,10.0,10000.0,VFR,2026-07-31 00:54:00+00:00,2026-07-31 00:54:00+00:00,VFR
KCOS,2026-07-31 00:15:00+00:00,30.6,10.6,20.0,110,11,10.0,,VFR,2026-07-31 01:15:00+00:00,2026-07-31 01:35:00+00:00,VFR
KCOS,2026-07-31 00:54:00+00:00,28.9,12.8,16.1,0,0,10.0,,VFR,2026-07-31 01:54:00+00:00,2026-07-31 01:54:00+00:00,VFR
KCOS,2026-07-31 01:35:00+00:00,28.3,8.3,20.0,30,13,10.0,,VFR,2026-07-31 02:35:00+00:00,2026-07-31 02:54:00+00:00,VFR
KCOS,2026-07-31 01:54:00+00:00,26.1,11.1,15.0,30,10,10.0,,VFR,2026-07-31 02:54:00+00:00,2026-07-31 02:54:00+00:00,VFR
KCOS,2026-07-31 02:54:00+00:00,25.0,10.0,15.0,VRB,5,10.0,,VFR,2026-07-31 03:54:00+00:00,2026-07-31 03:54:00+00:00,VFR
KCOS,2026-07-31 03:39:00+00:00,23.3,12.2,11.1,240,14,10.0,,VFR,2026-07-31 04:39:00+00:00,2026-07-31 04:54:00+00:00,VFR
KCOS,2026-07-31 03:54:00+00:00,21.7,12.8,8.9,180,6,10.0,,VFR,2026-07-31 04:54:00+00:00,2026-07-31 04:54:00+00:00,VFR
KCOS,2026-07-31 04:54:00+00:00,22.2,12.8,9.4,350,3,10.0,,VFR,2026-07-31 05:54:00+00:00,2026-07-31 05:54:00+00:00,VFR
KCOS,2026-07-31 05:54:00+00:00,22.2,11.7,10.5,310,4,10.0,,VFR,2026-07-31 06:54:00+00:00,2026-07-31 06:54:00+00:00,VFR
KCOS,2026-07-31 06:54:00+00:00,20.6,12.2,8.4,340,6,10.0,,VFR,2026-07-31 07:54:00+00:00,2026-07-31 07:54:00+00:00,VFR
KCOS,2026-07-31 07:54:00+00:00,22.8,9.4,13.4,350,15,10.0,,VFR,2026-07-31 08:54:00+00:00,2026-07-31 08:54:00+00:00,VFR
KCOS,2026-07-31 08:54:00+00:00,21.7,10.6,11.1,300,13,10.0,,VFR,2026-07-31 09:54:00+00:00,2026-07-31 09:54:00+00:00,VFR
KCOS,2026-07-31 09:54:00+00:00,21.1,11.7,9.4,320,12,10.0,,VFR,2026-07-31 10:54:00+00:00,2026-07-31 10:54:00+00:00,VFR
KCOS,2026-07-31 10:54:00+00:00,20.6,11.1,9.5,340,12,10.0,,VFR,2026-07-31 11:54:00+00:00,2026-07-31 11:54:00+00:00,VFR
KCOS,2026-07-31 11:54:00+00:00,20.0,10.6,9.4,340,13,10.0,,VFR,2026-07-31 12:54:00+00:00,2026-07-31 12:54:00+00:00,VFR
KCOS,2026-07-31 12:54:00+00:00,20.0,11.1,8.9,290,10,10.0,,VFR,2026-07-31 13:54:00+00:00,2026-07-31 13:54:00+00:00,VFR
KCOS,2026-07-31 13:54:00+00:00,22.8,11.1,11.7,330,7,10.0,,VFR,2026-07-31 14:54:00+00:00,2026-07-31 14:54:00+00:00,VFR
KCOS,2026-07-31 14:54:00+00:00,25.0,10.6,14.4,340,6,10.0,,VFR,2026-07-31 15:54:00+00:00,2026-07-31 15:54:00+00:00,VFR
KCOS,2026-07-31 15:54:00+00:00,26.1,9.4,16.7,VRB,3,10.0,,VFR,2026-07-31 16:54:00+00:00,2026-07-31 16:54:00+00:00,VFR
KCOS,2026-07-31 16:54:00+00:00,27.2,11.7,15.5,230,4,10.0,,VFR,2026-07-31 17:54:00+00:00,2026-07-31 17:54:00+00:00,VFR
KCOS,2026-07-31 17:54:00+00:00,28.3,11.7,16.6,200,10,10.0,,VFR,2026-07-31 18:54:00+00:00,2026-07-31 18:54:00+00:00,VFR
KCOS,2026-07-31 18:54:00+00:00,28.3,11.7,16.6,200,13,10.0,,VFR,2026-07-31 19:54:00+00:00,2026-07-31 19:54:00+00:00,VFR
KCOS,2026-07-31 19:54:00+00:00,27.2,11.1,16.1,210,12,10.0,,VFR,2026-07-31 20:54:00+00:00,2026-07-31 20:54:00+00:00,VFR
KCOS,2026-07-31 20:54:00+00:00,23.3,7.8,15.5,70,10,10.0,10000.0,VFR,2026-07-31 21:54:00+00:00,2026-07-31 21:54:00+00:00,VFR
KCOS,2026-07-31 21:54:00+00:00,26.1,10.0,16.1,90,16,10.0,,VFR,2026-07-31 22:54:00+00:00,2026-07-31 22:54:00+00:00,VFR
KCOS,2026-07-31 22:54:00+00:00,25.6,10.0,15.6,170,9,10.0,,VFR,2026-07-31 23:54:00+00:00,2026-07-31 23:54:00+00:00,VFR
KCOS,2026-07-31 23:54:00+00:00,25.0,10.6,14.4,VRB,4,10.0,,VFR,2026-08-01 00:54:00+00:00,2026-08-01 00:54:00+00:00,VFR
KCOS,2026-08-01 00:47:00+00:00,24.4,10.0,14.4,280,5,10.0,,VFR,2026-08-01 01:47:00+00:00,2026-08-01 01:54:00+00:00,VFR
KCOS,2026-08-01 00:54:00+00:00,25.0,10.0,15.0,240,3,10.0,,VFR,2026-08-01 01:54:00+00:00,2026-08-01 01:54:00+00:00,VFR
KCOS,2026-08-01 01:13:00+00:00,23.3,11.7,11.6,0,0,10.0,,VFR,2026-08-01 02:13:00+00:00,2026-08-01 01:54:00+00:00,VFR
KCOS,2026-08-01 01:54:00+00:00,23.3,11.1,12.2,360,3,10.0,,VFR,2026-08-01 02:54:00+00:00,2026-08-01 02:54:00+00:00,VFR
KCOS,2026-08-01 02:54:00+00:00,22.8,11.1,11.7,0,0,10.0,11000.0,VFR,2026-08-01 03:54:00+00:00,2026-08-01 03:54:00+00:00,VFR
KCOS,2026-08-01 03:54:00+00:00,21.1,10.0,11.1,220,6,10.0,,VFR,2026-08-01 04:54:00+00:00,2026-08-01 04:54:00+00:00,VFR
KCOS,2026-08-01 04:54:00+00:00,18.9,11.1,7.8,30,5,10.0,,VFR,2026-08-01 05:54:00+00:00,2026-08-01 05:54:00+00:00,VFR
KCOS,2026-08-01 05:54:00+00:00,17.8,11.1,6.7,10,6,10.0,,VFR,2026-08-01 06:54:00+00:00,2026-08-01 06:54:00+00:00,VFR
KCOS,2026-08-01 06:54:00+00:00,16.7,11.1,5.6,320,3,10.0,,VFR,2026-08-01 07:54:00+00:00,2026-08-01 07:54:00+00:00,VFR
KCOS,2026-08-01 07:54:00+00:00,17.8,9.4,8.4,0,0,10.0,,VFR,2026-08-01 08:54:00+00:00,2026-08-01 08:54:00+00:00,VFR
KCOS,2026-08-01 08:54:00+00:00,17.2,10.6,6.6,320,3,10.0,,VFR,2026-08-01 09:54:00+00:00,2026-08-01 09:54:00+00:00,VFR
KCOS,2026-08-01 09:54:00+00:00,15.0,10.6,4.4,40,5,10.0,,VFR,2026-08-01 10:54:00+00:00,2026-08-01 10:54:00+00:00,VFR
KCOS,2026-08-01 10:54:00+00:00,15.0,10.0,5.0,40,3,10.0,,VFR,2026-08-01 11:54:00+00:00,2026-08-01 11:54:00+00:00,VFR
KCOS,2026-08-01 11:54:00+00:00,14.4,10.6,3.8,50,3,10.0,,VFR,2026-08-01 12:54:00+00:00,2026-08-01 12:54:00+00:00,VFR
KCOS,2026-08-01 12:54:00+00:00,17.2,11.1,6.1,110,4,10.0,,VFR,2026-08-01 13:54:00+00:00,2026-08-01 13:54:00+00:00,VFR
KCOS,2026-08-01 13:54:00+00:00,20.0,11.7,8.3,80,6,10.0,,VFR,2026-08-01 14:54:00+00:00,2026-08-01 14:54:00+00:00,VFR
