station,observation_time,temperature_c,dewpoint_c,dewpoint_spread_c,wind_direction_deg,wind_speed_kt,visibility_sm,ceiling_ft,flight_category
KSEA,2026-07-17T17:53:00+00:00,17.2,8.9,8.3,200,7,10.0,,VFR
KSEA,2026-07-17T18:53:00+00:00,18.9,8.3,10.6,240,9,10.0,,VFR
KSEA,2026-07-17T19:53:00+00:00,18.9,8.9,10.0,240,8,10.0,,VFR
KSEA,2026-07-17T20:53:00+00:00,19.4,9.4,10.0,220,5,10.0,,VFR
KSEA,2026-07-17T21:53:00+00:00,20.6,9.4,11.2,230,7,10.0,,VFR
KSEA,2026-07-17T22:53:00+00:00,20,9.4,10.6,,,10.0,,VFR
KSEA,2026-07-17T23:22:00+00:00,21.1,8.9,12.2,220,5,10.0,,VFR
KSEA,2026-07-17T23:53:00+00:00,21.7,8.3,13.4,280,5,10.0,,VFR
KSEA,2026-07-18T00:53:00+00:00,21.1,8.3,12.8,VRB,4,10.0,,VFR
KSEA,2026-07-18T01:53:00+00:00,21.1,8.9,12.2,210,7,10.0,5000,VFR
KSEA,2026-07-18T02:53:00+00:00,20,9.4,10.6,200,7,10.0,5000,VFR
KSEA,2026-07-18T03:53:00+00:00,19.4,9.4,10.0,230,6,10.0,4900,VFR
KSEA,2026-07-18T04:53:00+00:00,18.3,11.1,7.2,240,6,10.0,,VFR
KSEA,2026-07-18T05:53:00+00:00,17.2,11.7,5.5,280,4,10.0,4500,VFR
KSEA,2026-07-18T06:53:00+00:00,16.7,11.7,5.0,260,3,10.0,4700,VFR
KSEA,2026-07-18T07:53:00+00:00,16.1,11.7,4.4,300,3,10.0,4400,VFR
KSEA,2026-07-18T08:53:00+00:00,15.6,11.1,4.5,230,3,10.0,,VFR
KSEA,2026-07-18T09:53:00+00:00,15.6,11.7,3.9,190,3,10.0,,VFR
KSEA,2026-07-18T10:53:00+00:00,15,11.7,3.3,210,7,10.0,4700,VFR
KSEA,2026-07-18T11:53:00+00:00,13.9,11.7,2.2,230,5,10.0,,VFR
KSEA,2026-07-18T12:28:00+00:00,13.3,11.7,1.6,250,4,10.0,,VFR
KSEA,2026-07-18T12:53:00+00:00,13.3,11.7,1.6,210,4,10.0,,VFR
KSEA,2026-07-18T13:25:00+00:00,13.3,11.7,1.6,210,5,10.0,600,IFR
KSEA,2026-07-18T13:53:00+00:00,13.9,12.2,1.7,220,4,10.0,500,IFR
KSEA,2026-07-18T14:53:00+00:00,14.4,12.2,2.2,200,6,10.0,600,IFR
KSEA,2026-07-18T15:53:00+00:00,15,12.2,2.8,200,8,10.0,800,IFR
KSEA,2026-07-18T16:53:00+00:00,15.6,11.7,3.9,240,9,10.0,1000,MVFR
KSEA,2026-07-18T17:50:00+00:00,17,12,5,220,5,10.0,,VFR
KSEA,2026-07-18T17:53:00+00:00,16.7,12.2,4.5,250,4,10.0,,VFR
KSEA,2026-07-18T18:53:00+00:00,18.9,11.7,7.2,240,7,10.0,,VFR
KSEA,2026-07-18T19:53:00+00:00,20.6,10.6,10.0,260,7,10.0,,VFR
KSEA,2026-07-18T20:53:00+00:00,21.7,10,11.7,270,5,10.0,,VFR
KSEA,2026-07-18T21:53:00+00:00,21.7,10.6,11.1,240,8,10.0,,VFR
KSEA,2026-07-18T22:53:00+00:00,22.8,10.6,12.2,270,8,10.0,,VFR
KSEA,2026-07-18T23:53:00+00:00,23.3,10,13.3,260,6,10.0,,VFR
KSEA,2026-07-19T00:53:00+00:00,23.3,10.6,12.7,300,9,10.0,,VFR
KSEA,2026-07-19T01:53:00+00:00,22.2,10.6,11.6,290,10,10.0,,VFR
KSEA,2026-07-19T02:53:00+00:00,21.7,11.1,10.6,330,6,10.0,,VFR
KSEA,2026-07-19T03:53:00+00:00,20,10.6,9.4,360,7,10.0,,VFR
KSEA,2026-07-19T04:53:00+00:00,17.8,11.1,6.7,350,7,10.0,,VFR
KSEA,2026-07-19T05:53:00+00:00,18.3,11.7,6.6,10,10,10.0,,VFR
KSEA,2026-07-19T06:53:00+00:00,17.8,11.7,6.1,30,9,10.0,,VFR
KSEA,2026-07-19T07:53:00+00:00,16.7,11.7,5.0,30,8,10.0,,VFR
KSEA,2026-07-19T08:53:00+00:00,15.6,11.7,3.9,10,10,10.0,,VFR
KSEA,2026-07-19T09:53:00+00:00,15,11.7,3.3,30,9,10.0,,VFR
KSEA,2026-07-19T10:53:00+00:00,14.4,11.7,2.7,30,10,10.0,,VFR
KSEA,2026-07-19T11:53:00+00:00,13.9,11.1,2.8,10,6,10.0,,VFR
KSEA,2026-07-19T12:53:00+00:00,13.9,11.1,2.8,360,6,10.0,,VFR
KSEA,2026-07-19T13:53:00+00:00,14.4,11.7,2.7,20,7,10.0,,VFR
KSEA,2026-07-19T14:53:00+00:00,15.6,11.7,3.9,350,7,10.0,,VFR
KSEA,2026-07-19T15:53:00+00:00,17.2,11.7,5.5,VRB,6,10.0,,VFR
KSEA,2026-07-19T16:53:00+00:00,17.8,11.7,6.1,VRB,4,10.0,,VFR
KSEA,2026-07-19T17:53:00+00:00,18.3,12.2,6.1,280,8,10.0,,VFR
KSEA,2026-07-19T18:53:00+00:00,20.6,12.2,8.4,290,8,10.0,,VFR
KSEA,2026-07-19T19:53:00+00:00,21.1,12.8,8.3,VRB,5,10.0,,VFR
KSEA,2026-07-19T20:53:00+00:00,23.9,12.2,11.7,320,9,10.0,,VFR
KSEA,2026-07-19T21:53:00+00:00,23.9,12.2,11.7,350,11,10.0,,VFR
KSEA,2026-07-19T22:53:00+00:00,24.4,11.7,12.7,350,11,10.0,,VFR
KSEA,2026-07-19T23:53:00+00:00,25.6,10.6,15.0,350,11,10.0,,VFR
KSEA,2026-07-20T00:53:00+00:00,25.6,8.3,17.3,340,13,10.0,,VFR
KSEA,2026-07-20T01:53:00+00:00,24.4,8.9,15.5,340,12,10.0,,VFR
KSEA,2026-07-20T02:53:00+00:00,23.3,8.3,15.0,340,11,10.0,,VFR
KSEA,2026-07-20T03:53:00+00:00,21.1,9.4,11.7,350,8,10.0,,VFR
KSEA,2026-07-20T04:53:00+00:00,20,10,10,360,7,10.0,,VFR
KSEA,2026-07-20T05:53:00+00:00,19.4,10.6,8.8,360,9,10.0,,VFR
KSEA,2026-07-20T06:53:00+00:00,19.4,10.6,8.8,10,10,10.0,25000,VFR
KSEA,2026-07-20T07:53:00+00:00,18.9,10.6,8.3,20,10,10.0,25000,VFR
KSEA,2026-07-20T08:53:00+00:00,17.8,11.1,6.7,30,8,10.0,25000,VFR
KSEA,2026-07-20T09:53:00+00:00,17.8,11.1,6.7,20,9,10.0,25000,VFR
KSEA,2026-07-20T10:53:00+00:00,16.7,10.6,6.1,10,8,10.0,25000,VFR
KSEA,2026-07-20T11:53:00+00:00,15.6,10.6,5.0,360,5,10.0,,VFR
KSEA,2026-07-20T12:53:00+00:00,16.1,11.1,5.0,40,7,10.0,,VFR
KSEA,2026-07-20T13:53:00+00:00,16.7,11.1,5.6,30,8,10.0,,VFR
KSEA,2026-07-20T14:53:00+00:00,17.8,11.1,6.7,20,10,10.0,,VFR
KSEA,2026-07-20T15:53:00+00:00,18.9,11.7,7.2,10,8,10.0,,VFR
KSEA,2026-07-20T16:53:00+00:00,20.6,12.8,7.8,360,7,10.0,,VFR
KSEA,2026-07-20T17:53:00+00:00,22.2,13.3,8.9,340,5,10.0,,VFR
KSEA,2026-07-20T18:53:00+00:00,23.3,13.3,10.0,0,0,10.0,,VFR
KSEA,2026-07-20T19:53:00+00:00,25,13.9,11.1,290,8,10.0,,VFR
KSEA,2026-07-20T20:53:00+00:00,23.9,13.3,10.6,300,8,10.0,,VFR
KSEA,2026-07-20T21:53:00+00:00,26.1,13.9,12.2,290,6,10.0,,VFR
KSEA,2026-07-20T22:53:00+00:00,27.2,13.3,13.9,290,7,10.0,,VFR
KSEA,2026-07-20T23:53:00+00:00,27.2,12.2,15.0,0,0,10.0,,VFR
KSEA,2026-07-21T00:53:00+00:00,27.8,12.8,15.0,270,5,10.0,,VFR
KSEA,2026-07-21T01:53:00+00:00,26.7,12.8,13.9,0,0,10.0,,VFR
KSEA,2026-07-21T02:53:00+00:00,25.6,13.9,11.7,0,0,10.0,,VFR
KSEA,2026-07-21T03:53:00+00:00,24.4,13.9,10.5,360,4,10.0,,VFR
KSEA,2026-07-21T04:53:00+00:00,22.8,13.9,8.9,280,4,10.0,,VFR
KSEA,2026-07-21T05:53:00+00:00,21.1,13.9,7.2,300,3,10.0,,VFR
KSEA,2026-07-21T06:53:00+00:00,21.7,13.9,7.8,290,3,10.0,,VFR
KSEA,2026-07-21T07:53:00+00:00,20.6,13.9,6.7,330,3,10.0,,VFR
KSEA,2026-07-21T08:53:00+00:00,19.4,14.4,5.0,350,4,10.0,,VFR
KSEA,2026-07-21T09:53:00+00:00,21.1,14.4,6.7,30,3,10.0,,VFR
KSEA,2026-07-21T10:53:00+00:00,20,13.9,6.1,30,6,10.0,25000,VFR
KSEA,2026-07-21T11:53:00+00:00,18.9,14.4,4.5,330,4,10.0,25000,VFR
KSEA,2026-07-21T12:53:00+00:00,18.3,14.4,3.9,320,3,10.0,25000,VFR
KSEA,2026-07-21T13:53:00+00:00,17.8,14.4,3.4,0,0,10.0,,VFR
KSEA,2026-07-21T14:53:00+00:00,21.1,13.9,7.2,340,4,10.0,,VFR
KSEA,2026-07-21T15:53:00+00:00,22.8,15.6,7.2,20,5,10.0,20000,VFR
KSEA,2026-07-21T16:53:00+00:00,22.8,15,7.8,280,6,10.0,,VFR
KSEA,2026-07-21T17:53:00+00:00,24.4,15,9.4,290,7,10.0,,VFR
KSEA,2026-07-21T18:53:00+00:00,26.7,14.4,12.3,270,5,9.0,,VFR
KSEA,2026-07-21T19:53:00+00:00,27.8,13.9,13.9,270,6,10.0,,VFR
KSEA,2026-07-21T20:53:00+00:00,29.4,13.9,15.5,300,6,10.0,,VFR
KSEA,2026-07-21T21:53:00+00:00,31.7,13.9,17.8,290,8,10.0,,VFR
KSEA,2026-07-21T22:53:00+00:00,32.2,14.4,17.8,300,7,10.0,,VFR
KSEA,2026-07-21T23:53:00+00:00,33.3,13.3,20.0,VRB,4,10.0,,VFR
KSEA,2026-07-22T00:53:00+00:00,33.3,11.7,21.6,340,4,10.0,,VFR
KSEA,2026-07-22T01:53:00+00:00,32.2,13.3,18.9,290,6,10.0,,VFR
KSEA,2026-07-22T02:53:00+00:00,31.7,10,21.7,320,5,10.0,,VFR
KSEA,2026-07-22T03:53:00+00:00,27.8,12.8,15.0,350,6,10.0,,VFR
KSEA,2026-07-22T04:53:00+00:00,25.6,12.2,13.4,340,5,10.0,,VFR
KSEA,2026-07-22T05:53:00+00:00,24.4,11.1,13.3,350,7,10.0,22000,VFR
KSEA,2026-07-22T06:53:00+00:00,24.4,12.2,12.2,360,9,10.0,22000,VFR
KSEA,2026-07-22T07:53:00+00:00,24.4,10,14.4,30,10,10.0,25000,VFR
KSEA,2026-07-22T08:53:00+00:00,23.3,13.3,10.0,20,9,10.0,,VFR
KSEA,2026-07-22T09:53:00+00:00,22.8,12.8,10.0,20,7,10.0,,VFR
KSEA,2026-07-22T10:53:00+00:00,20.6,13.3,7.3,340,5,10.0,,VFR
KSEA,2026-07-22T11:53:00+00:00,20.6,13.3,7.3,0,0,10.0,,VFR
KSEA,2026-07-22T12:53:00+00:00,20.6,13.3,7.3,0,0,10.0,,VFR
KSEA,2026-07-22T13:53:00+00:00,19.4,13.9,5.5,310,3,10.0,,VFR
KSEA,2026-07-22T14:53:00+00:00,23.3,15,8.3,40,3,10.0,,VFR
KSEA,2026-07-22T15:53:00+00:00,26.1,13.9,12.2,20,7,10.0,,VFR
KSEA,2026-07-22T16:53:00+00:00,27.2,13.3,13.9,350,6,10.0,,VFR
KSEA,2026-07-22T17:53:00+00:00,28.9,13.9,15.0,20,7,10.0,,VFR
KSEA,2026-07-22T18:53:00+00:00,30,13.9,16.1,300,5,10.0,,VFR
KSEA,2026-07-22T19:53:00+00:00,31.7,13.9,17.8,280,10,10.0,,VFR
KSEA,2026-07-22T20:53:00+00:00,32.2,13.3,18.9,290,9,9.0,,VFR
KSEA,2026-07-22T21:53:00+00:00,33.9,12.8,21.1,360,9,9.0,,VFR
KSEA,2026-07-22T22:53:00+00:00,34.4,11.7,22.7,360,9,10.0,,VFR
KSEA,2026-07-22T23:53:00+00:00,33.3,14.4,18.9,300,7,9.0,,VFR
KSEA,2026-07-23T00:53:00+00:00,31.7,12.8,18.9,320,7,10.0,,VFR
KSEA,2026-07-23T01:53:00+00:00,30,12.8,17.2,330,7,10.0,,VFR
KSEA,2026-07-23T02:53:00+00:00,30,10.6,19.4,360,6,10.0,,VFR
KSEA,2026-07-23T03:24:00+00:00,28.9,11.7,17.2,180,7,10.0,,VFR
KSEA,2026-07-23T03:53:00+00:00,25,17.8,7.2,120,12,9.0,,VFR
KSEA,2026-07-23T04:19:00+00:00,23.3,17.8,5.5,VRB,3,10.0,,VFR
KSEA,2026-07-23T04:53:00+00:00,23.3,17.2,6.1,190,7,10.0,,VFR
KSEA,2026-07-23T05:53:00+00:00,20.6,15.6,5.0,170,5,10.0,,VFR
KSEA,2026-07-23T06:53:00+00:00,19.4,14.4,5.0,210,7,10.0,12000,VFR
KSEA,2026-07-23T07:53:00+00:00,18.3,15,3.3,210,10,10.0,11000,VFR
KSEA,2026-07-23T08:53:00+00:00,17.2,14.4,2.8,200,7,10.0,,VFR
KSEA,2026-07-23T09:53:00+00:00,16.7,14.4,2.3,160,8,10.0,1000,MVFR
KSEA,2026-07-23T10:26:00+00:00,16.7,14.4,2.3,190,8,10.0,800,IFR
KSEA,2026-07-23T10:53:00+00:00,16.1,14.4,1.7,190,8,10.0,800,IFR
KSEA,2026-07-23T11:53:00+00:00,16.1,14.4,1.7,180,6,10.0,800,IFR
KSEA,2026-07-23T12:53:00+00:00,16.1,14.4,1.7,210,11,10.0,800,IFR
KSEA,2026-07-23T13:11:00+00:00,16.1,13.9,2.2,220,8,10.0,1000,MVFR
KSEA,2026-07-23T13:53:00+00:00,16.1,13.9,2.2,210,11,10.0,1000,MVFR
KSEA,2026-07-23T14:23:00+00:00,16.7,13.9,2.8,190,7,10.0,,MVFR
KSEA,2026-07-23T14:43:00+00:00,17.2,13.9,3.3,210,8,10.0,,VFR
KSEA,2026-07-23T14:53:00+00:00,16.7,13.9,2.8,210,8,10.0,,VFR
KSEA,2026-07-23T15:53:00+00:00,18.3,13.9,4.4,190,9,10.0,,VFR
KSEA,2026-07-23T16:53:00+00:00,18.3,13.9,4.4,220,10,10.0,,VFR
KSEA,2026-07-23T17:07:00+00:00,18.3,13.9,4.4,230,10,10.0,,MVFR
KSEA,2026-07-23T17:53:00+00:00,18.9,13.9,5.0,230,9,10.0,,VFR
KSEA,2026-07-23T18:53:00+00:00,20.6,13.9,6.7,210,12,10.0,,VFR
KSEA,2026-07-23T19:53:00+00:00,21.7,13.3,8.4,240,12,10.0,,VFR
KSEA,2026-07-23T20:53:00+00:00,22.8,13.9,8.9,250,8,10.0,,VFR
KSEA,2026-07-23T21:53:00+00:00,23.9,13.9,10.0,270,9,10.0,,VFR
KSEA,2026-07-23T22:53:00+00:00,23.9,13.9,10.0,250,10,10.0,,VFR
KSEA,2026-07-23T23:53:00+00:00,23.9,13.9,10.0,240,8,10.0,,VFR
KSEA,2026-07-24T00:53:00+00:00,23.9,13.9,10.0,260,9,10.0,,VFR
KSEA,2026-07-24T01:53:00+00:00,22.8,14.4,8.4,220,7,10.0,,VFR
KSEA,2026-07-24T02:53:00+00:00,21.1,13.9,7.2,210,4,10.0,,VFR
KSEA,2026-07-24T03:53:00+00:00,20,13.9,6.1,210,5,10.0,,VFR
KSEA,2026-07-24T04:53:00+00:00,18.9,13.9,5.0,200,5,10.0,,VFR
KSEA,2026-07-24T05:53:00+00:00,18.3,13.9,4.4,VRB,5,10.0,,VFR
KSEA,2026-07-24T06:53:00+00:00,17.2,13.9,3.3,210,5,10.0,,VFR
KSEA,2026-07-24T07:53:00+00:00,16.7,13.9,2.8,290,3,10.0,,VFR
KSEA,2026-07-24T08:53:00+00:00,16.1,13.9,2.2,0,0,10.0,,VFR
KSEA,2026-07-24T09:53:00+00:00,15.6,13.3,2.3,0,0,10.0,,VFR
KSEA,2026-07-24T10:53:00+00:00,15,13.3,1.7,190,4,10.0,,VFR
KSEA,2026-07-24T11:53:00+00:00,13.9,13.3,0.6,0,0,6.0,,VFR
KSEA,2026-07-24T12:53:00+00:00,14.4,13.3,1.1,190,3,7.0,,VFR
KSEA,2026-07-24T13:53:00+00:00,14.4,13.9,0.5,190,4,6.0,,VFR
KSEA,2026-07-24T14:41:00+00:00,15,14.4,0.6,210,6,5.0,,MVFR
KSEA,2026-07-24T14:53:00+00:00,15,13.9,1.1,220,6,0.5,,LIFR
KSEA,2026-07-24T14:58:00+00:00,15,13.9,1.1,220,6,0.5,200,LIFR
KSEA,2026-07-24T15:17:00+00:00,14.4,13.9,0.5,240,3,0.5,100,LIFR
KSEA,2026-07-24T15:33:00+00:00,15,13.9,1.1,280,5,0.5,200,LIFR
KSEA,2026-07-24T15:53:00+00:00,15,13.9,1.1,250,4,1.0,200,LIFR
KSEA,2026-07-24T16:00:00+00:00,15.6,13.9,1.7,240,5,1.5,,IFR
KSEA,2026-07-24T16:37:00+00:00,16.1,13.9,2.2,250,5,7.0,,IFR
KSEA,2026-07-24T16:53:00+00:00,16.7,13.9,2.8,240,4,7.0,,IFR
KSEA,2026-07-24T17:10:00+00:00,17.8,13.9,3.9,VRB,4,10.0,,VFR
KSEA,2026-07-24T17:53:00+00:00,18.3,13.9,4.4,210,7,10.0,,VFR
KSEA,2026-07-24T18:53:00+00:00,20,14.4,5.6,270,5,10.0,,VFR
KSEA,2026-07-24T19:53:00+00:00,22.2,13.9,8.3,260,6,10.0,,VFR
KSEA,2026-07-24T20:53:00+00:00,23.9,11.7,12.2,VRB,5,10.0,,VFR
KSEA,2026-07-24T21:53:00+00:00,25.6,12.2,13.4,VRB,4,10.0,,VFR
KSEA,2026-07-24T22:53:00+00:00,26.1,10.6,15.5,0,0,10.0,,VFR
KSEA,2026-07-24T23:53:00+00:00,27.2,12.2,15.0,210,4,10.0,,VFR
KSEA,2026-07-25T00:53:00+00:00,27.8,12.8,15.0,210,7,10.0,,VFR
KSEA,2026-07-25T01:53:00+00:00,26.7,13.3,13.4,210,8,10.0,,VFR
KSEA,2026-07-25T02:53:00+00:00,23.9,13.9,10.0,280,5,10.0,,VFR
KSEA,2026-07-25T03:53:00+00:00,21.1,13.3,7.8,260,4,10.0,,VFR
KSEA,2026-07-25T04:53:00+00:00,18.9,13.3,5.6,310,4,10.0,,VFR
KSEA,2026-07-25T05:53:00+00:00,18.9,12.8,6.1,150,5,10.0,,VFR
KSEA,2026-07-25T06:53:00+00:00,17.2,12.8,4.4,200,8,10.0,,VFR
KSEA,2026-07-25T07:53:00+00:00,16.1,12.2,3.9,220,9,10.0,,VFR
KSEA,2026-07-25T08:53:00+00:00,15.6,12.2,3.4,200,9,10.0,6000,VFR
KSEA,2026-07-25T09:53:00+00:00,15,12.2,2.8,190,7,10.0,5000,VFR
KSEA,2026-07-25T10:53:00+00:00,14.4,12.2,2.2,200,9,10.0,,VFR
KSEA,2026-07-25T11:51:00+00:00,14,12,2,200,8,10.0,1200,MVFR
KSEA,2026-07-25T11:53:00+00:00,14.4,12.2,2.2,200,7,10.0,1200,MVFR
KSEA,2026-07-25T12:53:00+00:00,14.4,12.2,2.2,200,6,10.0,1000,MVFR
KSEA,2026-07-25T13:28:00+00:00,15,12.2,2.8,190,7,10.0,,VFR
KSEA,2026-07-25T13:53:00+00:00,15,12.2,2.8,170,9,10.0,,MVFR
KSEA,2026-07-25T14:01:00+00:00,15,11.7,3.3,170,9,10.0,2000,MVFR
KSEA,2026-07-25T14:53:00+00:00,15.6,11.7,3.9,160,7,10.0,,MVFR
KSEA,2026-07-25T15:53:00+00:00,16.1,11.7,4.4,190,6,10.0,,MVFR
KSEA,2026-07-25T16:53:00+00:00,17.2,11.1,6.1,220,8,10.0,,VFR
KSEA,2026-07-25T17:53:00+00:00,18.3,11.1,7.2,230,7,10.0,,VFR
KSEA,2026-07-25T18:53:00+00:00,20,11.7,8.3,210,12,10.0,,VFR
KSEA,2026-07-25T19:53:00+00:00,20.6,11.1,9.5,210,11,10.0,,VFR
KSEA,2026-07-25T20:53:00+00:00,21.1,10.6,10.5,250,14,10.0,,VFR
KSEA,2026-07-25T21:53:00+00:00,21.1,10.6,10.5,230,13,10.0,,VFR
KSEA,2026-07-25T22:53:00+00:00,22.2,11.1,11.1,220,11,10.0,,VFR
KSEA,2026-07-25T23:53:00+00:00,21.7,11.1,10.6,230,10,10.0,,VFR
KSEA,2026-07-26T00:53:00+00:00,21.1,11.7,9.4,220,10,10.0,5500,VFR
KSEA,2026-07-26T01:53:00+00:00,21.1,11.7,9.4,230,8,10.0,5000,VFR
KSEA,2026-07-26T02:53:00+00:00,20,11.7,8.3,230,9,10.0,5000,VFR
KSEA,2026-07-26T03:53:00+00:00,19.4,12.2,7.2,240,6,10.0,7500,VFR
KSEA,2026-07-26T04:53:00+00:00,18.3,13.3,5.0,250,7,10.0,7500,VFR
KSEA,2026-07-26T05:53:00+00:00,17.8,13.3,4.5,210,5,10.0,,VFR
KSEA,2026-07-26T06:53:00+00:00,17.2,13.3,3.9,200,5,10.0,,VFR
KSEA,2026-07-26T07:53:00+00:00,17.2,13.9,3.3,210,3,10.0,,VFR
KSEA,2026-07-26T08:53:00+00:00,16.7,13.9,2.8,200,4,10.0,5000,VFR
KSEA,2026-07-26T09:53:00+00:00,16.7,13.9,2.8,170,5,10.0,,VFR
KSEA,2026-07-26T10:53:00+00:00,16.7,13.9,2.8,200,5,10.0,,VFR
KSEA,2026-07-26T11:53:00+00:00,16.1,13.9,2.2,200,3,10.0,,VFR
KSEA,2026-07-26T12:38:00+00:00,15.6,13.9,1.7,200,3,6.0,,MVFR
KSEA,2026-07-26T12:53:00+00:00,15.6,13.9,1.7,160,3,10.0,,MVFR
KSEA,2026-07-26T13:53:00+00:00,15.6,14.4,1.2,180,6,10.0,,MVFR
KSEA,2026-07-26T14:53:00+00:00,15.6,13.9,1.7,170,7,10.0,,VFR
KSEA,2026-07-26T15:53:00+00:00,16.7,13.9,2.8,160,7,10.0,,VFR
KSEA,2026-07-26T16:53:00+00:00,18.3,13.9,4.4,190,6,10.0,,VFR
KSEA,2026-07-26T17:53:00+00:00,18.9,13.3,5.6,240,6,10.0,,MVFR
KSEA,2026-07-26T18:20:00+00:00,20,12.2,7.8,200,9,10.0,,VFR
KSEA,2026-07-26T18:53:00+00:00,20.6,12.2,8.4,200,11,10.0,,VFR
KSEA,2026-07-26T19:53:00+00:00,22.2,12.2,10.0,240,8,10.0,,VFR
KSEA,2026-07-26T20:53:00+00:00,22.2,12.2,10.0,240,8,10.0,,VFR
KSEA,2026-07-26T21:53:00+00:00,22.2,12.2,10.0,240,11,10.0,,VFR
KSEA,2026-07-26T22:53:00+00:00,22.2,12.2,10.0,260,9,10.0,,VFR
KSEA,2026-07-26T23:53:00+00:00,20.6,12.2,8.4,230,7,10.0,,VFR
KSEA,2026-07-27T00:53:00+00:00,19.4,12.2,7.2,250,8,10.0,,VFR
KSEA,2026-07-27T01:53:00+00:00,18.3,12.2,6.1,VRB,5,10.0,,VFR
KSEA,2026-07-27T02:53:00+00:00,17.8,12.2,5.6,190,7,10.0,,VFR
KSEA,2026-07-27T03:53:00+00:00,16.1,13.3,2.8,210,5,10.0,,VFR
KSEA,2026-07-27T04:53:00+00:00,15.6,12.8,2.8,200,8,10.0,,VFR
KSEA,2026-07-27T05:53:00+00:00,15.6,12.8,2.8,190,6,10.0,,VFR
KSEA,2026-07-27T06:53:00+00:00,15.6,12.2,3.4,200,5,10.0,,VFR
KSEA,2026-07-27T07:53:00+00:00,15,12.2,2.8,210,7,10.0,,VFR
KSEA,2026-07-27T08:01:00+00:00,15,12.8,2.2,210,7,10.0,2700,MVFR
KSEA,2026-07-27T08:53:00+00:00,15,12.8,2.2,190,7,10.0,2600,MVFR
KSEA,2026-07-27T09:53:00+00:00,15,12.8,2.2,170,8,10.0,,MVFR
KSEA,2026-07-27T10:49:00+00:00,16,12,4,200,6,10.0,,VFR
KSEA,2026-07-27T10:53:00+00:00,15.6,12.2,3.4,190,6,10.0,,VFR
KSEA,2026-07-27T11:43:00+00:00,15,12.2,2.8,200,5,10.0,2100,MVFR
KSEA,2026-07-27T11:53:00+00:00,15,12.2,2.8,190,6,10.0,2100,MVFR
KSEA,2026-07-27T12:53:00+00:00,15.6,12.2,3.4,170,6,10.0,2000,MVFR
KSEA,2026-07-27T14:34:00+00:00,16.1,12.8,3.3,200,8,10.0,,MVFR
KSEA,2026-07-27T14:53:00+00:00,16.1,12.8,3.3,200,6,10.0,,MVFR
KSEA,2026-07-27T15:53:00+00:00,17.8,12.2,5.6,200,6,10.0,,VFR
KSEA,2026-07-27T16:53:00+00:00,18.9,12.2,6.7,220,7,10.0,,VFR
KSEA,2026-07-27T17:53:00+00:00,20,11.7,8.3,210,9,10.0,,VFR
KSEA,2026-07-27T18:53:00+00:00,21.1,11.7,9.4,210,10,10.0,,VFR
KSEA,2026-07-27T19:53:00+00:00,22.2,12.2,10.0,240,6,10.0,,VFR
KSEA,2026-07-27T20:53:00+00:00,23.3,12.2,11.1,220,9,10.0,,VFR
KSEA,2026-07-27T21:53:00+00:00,24.4,12.2,12.2,VRB,5,10.0,,VFR
KSEA,2026-07-27T22:53:00+00:00,25.6,12.2,13.4,290,7,10.0,,VFR
KSEA,2026-07-27T23:53:00+00:00,25.6,12.2,13.4,270,6,10.0,,VFR
KSEA,2026-07-28T00:53:00+00:00,25.6,12.2,13.4,260,9,10.0,,VFR
KSEA,2026-07-28T01:53:00+00:00,25,12.2,12.8,250,5,10.0,,VFR
KSEA,2026-07-28T02:53:00+00:00,23.9,12.8,11.1,230,8,10.0,,VFR
KSEA,2026-07-28T03:53:00+00:00,21.7,12.8,8.9,240,5,10.0,,VFR
KSEA,2026-07-28T04:53:00+00:00,20.6,12.8,7.8,250,5,10.0,,VFR
KSEA,2026-07-28T05:53:00+00:00,20,12.8,7.2,240,5,10.0,,VFR
KSEA,2026-07-28T06:53:00+00:00,18.9,13.3,5.6,230,8,10.0,4200,VFR
KSEA,2026-07-28T07:53:00+00:00,17.2,12.8,4.4,190,5,10.0,4100,VFR
KSEA,2026-07-28T08:53:00+00:00,16.7,12.8,3.9,180,5,10.0,4800,VFR
KSEA,2026-07-28T09:53:00+00:00,16.1,12.8,3.3,200,5,10.0,4400,VFR
KSEA,2026-07-28T10:53:00+00:00,16.1,12.2,3.9,200,9,10.0,3500,VFR
KSEA,2026-07-28T11:53:00+00:00,16.1,12.2,3.9,190,8,10.0,2800,MVFR
KSEA,2026-07-28T12:27:00+00:00,16.7,12.2,4.5,200,9,10.0,,MVFR
KSEA,2026-07-28T12:53:00+00:00,16.1,12.2,3.9,180,9,10.0,,MVFR
KSEA,2026-07-28T13:53:00+00:00,16.7,12.2,4.5,210,12,10.0,,MVFR
KSEA,2026-07-28T14:33:00+00:00,16.7,11.7,5.0,200,10,10.0,,MVFR
KSEA,2026-07-28T14:53:00+00:00,17.2,11.7,5.5,200,13,10.0,,MVFR
KSEA,2026-07-28T15:53:00+00:00,17.8,11.7,6.1,180,11,10.0,,VFR
KSEA,2026-07-28T16:53:00+00:00,19.4,12.2,7.2,200,12,10.0,,VFR
KSEA,2026-07-28T17:53:00+00:00,20.6,11.7,8.9,230,11,10.0,,VFR
KSEA,2026-07-28T18:53:00+00:00,22.2,12.2,10.0,250,10,10.0,,VFR
KSEA,2026-07-28T19:53:00+00:00,22.2,12.8,9.4,250,12,10.0,,VFR
KSEA,2026-07-28T20:53:00+00:00,21.1,13.3,7.8,240,11,10.0,,VFR
KSEA,2026-07-28T21:53:00+00:00,21.7,13.9,7.8,220,11,10.0,,VFR
KSEA,2026-07-28T22:53:00+00:00,21.1,13.9,7.2,240,13,10.0,,VFR
KSEA,2026-07-28T23:53:00+00:00,20.6,13.9,6.7,200,13,10.0,,VFR
KSEA,2026-07-29T00:53:00+00:00,21.1,13.9,7.2,200,10,10.0,,VFR
KSEA,2026-07-29T01:53:00+00:00,21.1,13.3,7.8,210,9,10.0,,VFR
KSEA,2026-07-29T02:53:00+00:00,20,12.8,7.2,230,6,10.0,,VFR
KSEA,2026-07-29T03:53:00+00:00,18.9,12.2,6.7,260,4,10.0,,VFR
KSEA,2026-07-29T04:53:00+00:00,16.7,11.7,5.0,340,5,10.0,,VFR
KSEA,2026-07-29T05:53:00+00:00,16.1,11.1,5.0,330,3,10.0,,VFR
KSEA,2026-07-29T06:53:00+00:00,15,11.7,3.3,280,3,10.0,,VFR
KSEA,2026-07-29T07:53:00+00:00,15,11.1,3.9,0,0,10.0,,VFR
KSEA,2026-07-29T08:53:00+00:00,15,11.1,3.9,0,0,10.0,3800,VFR
KSEA,2026-07-29T09:53:00+00:00,16.1,10.6,5.5,20,6,10.0,3500,VFR
KSEA,2026-07-29T10:53:00+00:00,16.1,10.6,5.5,30,6,10.0,,VFR
KSEA,2026-07-29T11:53:00+00:00,15.6,10.6,5.0,20,5,10.0,4600,VFR
KSEA,2026-07-29T12:53:00+00:00,15,10,5,30,5,10.0,,VFR
KSEA,2026-07-29T13:53:00+00:00,15,10,5,20,6,10.0,,VFR
KSEA,2026-07-29T14:53:00+00:00,16.7,10,6.7,30,8,10.0,,VFR
KSEA,2026-07-29T15:53:00+00:00,17.8,10,7.8,40,8,10.0,,VFR
KSEA,2026-07-29T16:53:00+00:00,18.9,9.4,9.5,10,7,10.0,,VFR
KSEA,2026-07-29T17:53:00+00:00,19.4,10.6,8.8,270,5,10.0,,VFR
KSEA,2026-07-29T18:53:00+00:00,20.6,10.6,10.0,290,7,10.0,,VFR
KSEA,2026-07-29T19:53:00+00:00,21.7,9.4,12.3,300,9,10.0,,VFR
KSEA,2026-07-29T20:53:00+00:00,22.8,8.9,13.9,290,8,10.0,,VFR
KSEA,2026-07-29T21:53:00+00:00,23.3,8.3,15.0,290,7,10.0,,VFR
KSEA,2026-07-29T22:53:00+00:00,23.9,9.4,14.5,280,9,10.0,,VFR
KSEA,2026-07-29T23:53:00+00:00,23.3,9.4,13.9,300,9,10.0,,VFR
KSEA,2026-07-30T00:53:00+00:00,22.2,10,12.2,300,7,10.0,,VFR
KSEA,2026-07-30T01:53:00+00:00,22.2,9.4,12.8,320,5,10.0,,VFR
KSEA,2026-07-30T02:53:00+00:00,21.1,8.9,12.2,350,7,10.0,,VFR
KSEA,2026-07-30T03:53:00+00:00,18.9,7.2,11.7,340,6,10.0,,VFR
KSEA,2026-07-30T04:53:00+00:00,16.7,8.3,8.4,300,5,10.0,,VFR
KSEA,2026-07-30T05:53:00+00:00,16.1,9.4,6.7,300,4,10.0,,VFR
KSEA,2026-07-30T06:53:00+00:00,15.6,9.4,6.2,0,0,10.0,,VFR
KSEA,2026-07-30T07:53:00+00:00,13.3,10.6,2.7,280,4,10.0,,VFR
KSEA,2026-07-30T08:53:00+00:00,13.3,10.6,2.7,270,4,10.0,,VFR
KSEA,2026-07-30T09:53:00+00:00,12.8,10.6,2.2,280,4,10.0,,VFR
KSEA,2026-07-30T10:53:00+00:00,12.8,10.6,2.2,0,0,10.0,,VFR
KSEA,2026-07-30T11:53:00+00:00,12.8,10,2.8,0,0,10.0,,VFR
KSEA,2026-07-30T12:53:00+00:00,12.2,10.6,1.6,250,4,10.0,,VFR
KSEA,2026-07-30T13:53:00+00:00,13.3,10.6,2.7,0,0,10.0,,VFR
KSEA,2026-07-30T14:53:00+00:00,14.4,10.6,3.8,190,7,10.0,,VFR
KSEA,2026-07-30T15:53:00+00:00,15.6,9.4,6.2,200,7,10.0,,VFR
KSEA,2026-07-30T16:53:00+00:00,17.8,10,7.8,230,3,10.0,,VFR
KSEA,2026-07-30T17:53:00+00:00,18.9,9.4,9.5,VRB,5,10.0,,VFR
KSEA,2026-07-30T18:53:00+00:00,20.6,9.4,11.2,210,7,10.0,,VFR
KSEA,2026-07-30T19:53:00+00:00,21.1,6.7,14.4,VRB,4,10.0,,VFR
KSEA,2026-07-30T20:53:00+00:00,22.8,8.9,13.9,260,7,10.0,,VFR
KSEA,2026-07-30T21:53:00+00:00,22.8,10,12.8,VRB,3,10.0,,VFR
KSEA,2026-07-30T22:53:00+00:00,23.9,9.4,14.5,190,6,10.0,,VFR
KSEA,2026-07-30T23:53:00+00:00,25,7.8,17.2,280,4,10.0,,VFR
KSEA,2026-07-31T00:53:00+00:00,25.6,7.2,18.4,VRB,4,10.0,,VFR
KSEA,2026-07-31T01:53:00+00:00,25,8.3,16.7,280,7,10.0,,VFR
KSEA,2026-07-31T02:53:00+00:00,23.3,10,13.3,280,4,10.0,,VFR
KSEA,2026-07-31T03:53:00+00:00,21.7,7.2,14.5,350,5,10.0,,VFR
KSEA,2026-07-31T04:53:00+00:00,18.9,7.8,11.1,350,5,10.0,,VFR
KSEA,2026-07-31T05:53:00+00:00,16.7,10.6,6.1,290,5,10.0,,VFR
KSEA,2026-07-31T06:53:00+00:00,16.1,10,6.1,290,4,10.0,,VFR
KSEA,2026-07-31T07:53:00+00:00,16.1,10,6.1,300,3,10.0,,VFR
KSEA,2026-07-31T08:53:00+00:00,15.6,10,5.6,0,0,10.0,,VFR
KSEA,2026-07-31T09:53:00+00:00,14.4,10.6,3.8,0,0,10.0,,VFR
KSEA,2026-07-31T10:53:00+00:00,14.4,10.6,3.8,0,0,10.0,,VFR
KSEA,2026-07-31T11:53:00+00:00,15,10,5,80,3,10.0,,VFR
KSEA,2026-07-31T12:53:00+00:00,14.4,10.6,3.8,0,0,10.0,,VFR
KSEA,2026-07-31T13:53:00+00:00,15,10,5,0,0,10.0,,VFR
KSEA,2026-07-31T14:53:00+00:00,16.7,10.6,6.1,180,3,10.0,,VFR
KSEA,2026-07-31T15:53:00+00:00,17.8,11.7,6.1,290,5,10.0,,VFR
KSEA,2026-07-31T16:53:00+00:00,19.4,11.7,7.7,270,4,10.0,,VFR
KSEA,2026-07-31T17:53:00+00:00,20.6,11.7,8.9,270,5,10.0,,VFR
KSEA,2026-07-31T18:53:00+00:00,22.2,11.1,11.1,280,7,10.0,,VFR
KSEA,2026-07-31T19:53:00+00:00,23.9,10.6,13.3,300,10,10.0,,VFR
KSEA,2026-07-31T20:53:00+00:00,25,9.4,15.6,290,10,10.0,,VFR
KSEA,2026-07-31T21:53:00+00:00,26.1,9.4,16.7,270,7,10.0,,VFR
KSEA,2026-07-31T22:53:00+00:00,27.2,7.2,20.0,210,3,10.0,,VFR
KSEA,2026-07-31T23:53:00+00:00,27.8,7.8,20.0,250,6,10.0,,VFR
KSEA,2026-08-01T00:53:00+00:00,27.8,7.2,20.6,VRB,4,10.0,,VFR
KSEA,2026-08-01T01:53:00+00:00,27.8,6.1,21.7,190,5,10.0,,VFR
KSEA,2026-08-01T02:53:00+00:00,27.8,8.3,19.5,210,4,10.0,,VFR
KSEA,2026-08-01T03:53:00+00:00,22.2,10,12.2,270,6,10.0,,VFR
KSEA,2026-08-01T04:53:00+00:00,20,11.1,8.9,0,0,10.0,,VFR
KSEA,2026-08-01T05:53:00+00:00,19.4,10.6,8.8,210,3,10.0,,VFR
KSEA,2026-08-01T06:53:00+00:00,18.3,13.3,5.0,210,8,10.0,,VFR
KSEA,2026-08-01T07:53:00+00:00,17.2,13.3,3.9,210,10,10.0,,VFR
KSEA,2026-08-01T08:53:00+00:00,16.7,13.3,3.4,250,6,10.0,,VFR
KSEA,2026-08-01T09:34:00+00:00,16.7,13.3,3.4,190,7,10.0,1600,MVFR
KSEA,2026-08-01T09:53:00+00:00,16.7,13.3,3.4,200,7,10.0,1600,MVFR
KSEA,2026-08-01T10:13:00+00:00,16.7,13.3,3.4,190,10,10.0,1400,MVFR
KSEA,2026-08-01T10:27:00+00:00,16.1,13.3,2.8,180,11,10.0,,VFR
KSEA,2026-08-01T10:53:00+00:00,16.1,13.3,2.8,170,9,10.0,,VFR
KSEA,2026-08-01T11:14:00+00:00,16.7,13.3,3.4,180,9,10.0,1800,MVFR
KSEA,2026-08-01T11:53:00+00:00,16.7,13.3,3.4,170,12,10.0,1600,MVFR
KSEA,2026-08-01T12:20:00+00:00,16.1,13.3,2.8,160,9,10.0,,VFR
KSEA,2026-08-01T12:53:00+00:00,16.1,13.3,2.8,190,10,10.0,,VFR
KSEA,2026-08-01T13:28:00+00:00,16.7,13.3,3.4,190,11,10.0,2500,MVFR
KSEA,2026-08-01T13:53:00+00:00,17.2,13.3,3.9,200,13,10.0,,MVFR
KSEA,2026-08-01T14:53:00+00:00,17.8,12.8,5.0,190,11,10.0,2100,MVFR
KSEA,2026-08-01T15:53:00+00:00,18.3,12.8,5.5,190,8,10.0,2500,MVFR
KSEA,2026-08-01T16:53:00+00:00,19.4,13.3,6.1,210,14,10.0,2500,MVFR
